source_id	derivative_id	subject_id	session_id	output_num	output_size	nifti_num	nifti_size	html_num
ds002843	MRIQC-22.0.6	sub-dmp0005	ses-scan1	11	0	0	0	0
ds002843	MRIQC-22.0.6	sub-dmp0010	ses-scan1	11	0	0	0	0
ds002843	MRIQC-22.0.6	sub-dmp0010	ses-scan2	11	0	0	0	0
ds002843	MRIQC-22.0.6	sub-dmp0011	ses-scan1	11	0	0	0	0
ds002843	MRIQC-22.0.6	sub-dmp0011	ses-scan2	11	0	0	0	0
ds002843	MRIQC-22.0.6	sub-dmp0018	ses-scan1	11	0	0	0	0
ds002843	MRIQC-22.0.6	sub-dmp0018	ses-scan2	11	0	0	0	0
ds002843	MRIQC-22.0.6	sub-dmp0019	ses-scan1	11	0	0	0	0
ds002843	MRIQC-22.0.6	sub-dmp0019	ses-scan2	11	0	0	0	0
ds002843	MRIQC-22.0.6	sub-dmp0032	ses-scan1	11	0	0	0	0
ds002843	MRIQC-22.0.6	sub-dmp0034	ses-scan1	11	0	0	0	0
ds002843	MRIQC-22.0.6	sub-dmp0036	ses-scan1	11	0	0	0	0
ds002843	MRIQC-22.0.6	sub-dmp0036	ses-scan2	11	0	0	0	0
ds002843	MRIQC-22.0.6	sub-dmp0048	ses-scan1	11	0	0	0	0
ds002843	MRIQC-22.0.6	sub-dmp0048	ses-scan2	11	0	0	0	0
ds002843	MRIQC-22.0.6	sub-dmp0060	ses-scan1	11	0	0	0	0
ds002843	MRIQC-22.0.6	sub-dmp0060	ses-scan2	11	0	0	0	0
ds002843	MRIQC-22.0.6	sub-dmp0062	ses-scan1	11	0	0	0	0
ds002843	MRIQC-22.0.6	sub-dmp0062	ses-scan2	11	0	0	0	0
ds002843	MRIQC-22.0.6	sub-dmp0063	ses-scan1	11	0	0	0	0
ds002843	MRIQC-22.0.6	sub-dmp0063	ses-scan2	11	0	0	0	0
ds002843	MRIQC-22.0.6	sub-dmp0090	ses-scan1	11	0	0	0	0
ds002843	MRIQC-22.0.6	sub-dmp0095	ses-scan1	10	0	0	0	0
ds002843	MRIQC-22.0.6	sub-dmp0095	ses-scan2	11	0	0	0	0
ds002843	MRIQC-22.0.6	sub-dmp0097	ses-scan1	11	0	0	0	0
ds002843	MRIQC-22.0.6	sub-dmp0097	ses-scan2	11	0	0	0	0
ds002843	MRIQC-22.0.6	sub-dmp0098	ses-scan1	11	0	0	0	0
ds002843	MRIQC-22.0.6	sub-dmp0098	ses-scan2	11	0	0	0	0
ds002843	MRIQC-22.0.6	sub-dmp0106	ses-scan1	11	0	0	0	0
ds002843	MRIQC-22.0.6	sub-dmp0106	ses-scan2	11	0	0	0	0
ds002843	MRIQC-22.0.6	sub-dmp0109	ses-scan1	11	0	0	0	0
ds002843	MRIQC-22.0.6	sub-dmp0109	ses-scan2	11	0	0	0	0
ds002843	MRIQC-22.0.6	sub-dmp0110	ses-scan1	11	0	0	0	0
ds002843	MRIQC-22.0.6	sub-dmp0110	ses-scan2	11	0	0	0	0
ds002843	MRIQC-22.0.6	sub-dmp0115	ses-scan1	11	0	0	0	0
ds002843	MRIQC-22.0.6	sub-dmp0118	ses-scan1	11	0	0	0	0
ds002843	MRIQC-22.0.6	sub-dmp0118	ses-scan2	9	0	0	0	0
ds002843	MRIQC-22.0.6	sub-dmp0140	ses-scan1	11	0	0	0	0
ds002843	MRIQC-22.0.6	sub-dmp0140	ses-scan2	11	0	0	0	0
ds002843	MRIQC-22.0.6	sub-dmp0148	ses-scan1	11	0	0	0	0
ds002843	MRIQC-22.0.6	sub-dmp0148	ses-scan2	11	0	0	0	0
ds002843	MRIQC-22.0.6	sub-dmp0153	ses-scan1	11	0	0	0	0
ds002843	MRIQC-22.0.6	sub-dmp0154	ses-scan1	11	0	0	0	0
ds002843	MRIQC-22.0.6	sub-dmp0154	ses-scan2	11	0	0	0	0
ds002843	MRIQC-22.0.6	sub-dmp0157	ses-scan1	11	0	0	0	0
ds002843	MRIQC-22.0.6	sub-dmp0169	ses-scan1	11	0	0	0	0
ds002843	MRIQC-22.0.6	sub-dmp0169	ses-scan2	11	0	0	0	0
ds002843	MRIQC-22.0.6	sub-dmp0171	ses-scan1	11	0	0	0	0
ds002843	MRIQC-22.0.6	sub-dmp0171	ses-scan2	11	0	0	0	0
ds002843	MRIQC-22.0.6	sub-dmp0183	ses-scan1	11	0	0	0	0
ds002843	MRIQC-22.0.6	sub-dmp0183	ses-scan2	11	0	0	0	0
ds002843	MRIQC-22.0.6	sub-dmp0188	ses-scan1	11	0	0	0	0
ds002843	MRIQC-22.0.6	sub-dmp0199	ses-scan1	11	0	0	0	0
ds002843	MRIQC-22.0.6	sub-dmp0200	ses-scan1	11	0	0	0	0
ds002843	MRIQC-22.0.6	sub-dmp0200	ses-scan2	11	0	0	0	0
ds002843	MRIQC-22.0.6	sub-dmp0202	ses-scan1	11	0	0	0	0
ds002843	MRIQC-22.0.6	sub-dmp0202	ses-scan2	11	0	0	0	0
ds002843	MRIQC-22.0.6	sub-dmp0216	ses-scan1	11	0	0	0	0
ds002843	MRIQC-22.0.6	sub-dmp0217	ses-scan1	11	0	0	0	0
ds002843	MRIQC-22.0.6	sub-dmp0217	ses-scan2	11	0	0	0	0
ds002843	MRIQC-22.0.6	sub-dmp0219	ses-scan1	11	0	0	0	0
ds002843	MRIQC-22.0.6	sub-dmp0219	ses-scan2	11	0	0	0	0
ds002843	MRIQC-22.0.6	sub-dmp0224	ses-scan1	11	0	0	0	0
ds002843	MRIQC-22.0.6	sub-dmp0229	ses-scan1	11	0	0	0	0
ds002843	MRIQC-22.0.6	sub-dmp0259	ses-scan1	11	0	0	0	0
ds002843	MRIQC-22.0.6	sub-dmp0259	ses-scan2	11	0	0	0	0
ds002843	MRIQC-22.0.6	sub-dmp0267	ses-scan1	11	0	0	0	0
ds002843	MRIQC-22.0.6	sub-dmp0267	ses-scan2	11	0	0	0	0
ds002843	MRIQC-22.0.6	sub-dmp0269	ses-scan1	11	0	0	0	0
ds002843	MRIQC-22.0.6	sub-dmp0269	ses-scan2	11	0	0	0	0
ds002843	MRIQC-22.0.6	sub-dmp0273	ses-scan1	11	0	0	0	0
ds002843	MRIQC-22.0.6	sub-dmp0273	ses-scan2	11	0	0	0	0
ds002843	MRIQC-22.0.6	sub-dmp0290	ses-scan1	11	0	0	0	0
ds002843	MRIQC-22.0.6	sub-dmp0290	ses-scan2	11	0	0	0	0
ds002843	MRIQC-22.0.6	sub-dmp0295	ses-scan1	11	0	0	0	0
ds002843	MRIQC-22.0.6	sub-dmp0301	ses-scan1	11	0	0	0	0
ds002843	MRIQC-22.0.6	sub-dmp0301	ses-scan2	11	0	0	0	0
ds002843	MRIQC-22.0.6	sub-dmp0305	ses-scan1	11	0	0	0	0
ds002843	MRIQC-22.0.6	sub-dmp0305	ses-scan2	11	0	0	0	0
ds002843	MRIQC-22.0.6	sub-dmp0313	ses-scan1	11	0	0	0	0
ds002843	MRIQC-22.0.6	sub-dmp0313	ses-scan2	11	0	0	0	0
ds002843	MRIQC-22.0.6	sub-dmp0330	ses-scan1	11	0	0	0	0
ds002843	MRIQC-22.0.6	sub-dmp0330	ses-scan2	11	0	0	0	0
ds002843	MRIQC-22.0.6	sub-dmp0350	ses-scan1	11	0	0	0	0
ds002843	MRIQC-22.0.6	sub-dmp0350	ses-scan2	11	0	0	0	0
ds002843	MRIQC-22.0.6	sub-dmp0356	ses-scan1	11	0	0	0	0
ds002843	MRIQC-22.0.6	sub-dmp0356	ses-scan2	11	0	0	0	0
ds002843	MRIQC-22.0.6	sub-dmp0357	ses-scan1	11	0	0	0	0
ds002843	MRIQC-22.0.6	sub-dmp0357	ses-scan2	11	0	0	0	0
ds002843	MRIQC-22.0.6	sub-dmp0381	ses-scan1	11	0	0	0	0
ds002843	MRIQC-22.0.6	sub-dmp0381	ses-scan2	11	0	0	0	0
ds002843	MRIQC-22.0.6	sub-dmp0389	ses-scan1	11	0	0	0	0
ds002843	MRIQC-22.0.6	sub-dmp0389	ses-scan2	11	0	0	0	0
ds002843	MRIQC-22.0.6	sub-dmp0414	ses-scan1	11	0	0	0	0
ds002843	MRIQC-22.0.6	sub-dmp0414	ses-scan2	11	0	0	0	0
ds002843	MRIQC-22.0.6	sub-dmp0418	ses-scan1	11	0	0	0	0
ds002843	MRIQC-22.0.6	sub-dmp0423	ses-scan1	11	0	0	0	0
ds002843	MRIQC-22.0.6	sub-dmp0442	ses-scan1	11	0	0	0	0
ds002843	MRIQC-22.0.6	sub-dmp0442	ses-scan2	11	0	0	0	0
ds002843	MRIQC-22.0.6	sub-dmp0445	ses-scan1	11	0	0	0	0
ds002843	MRIQC-22.0.6	sub-dmp0445	ses-scan2	11	0	0	0	0
ds002843	MRIQC-22.0.6	sub-dmp0492	ses-scan1	11	0	0	0	0
ds002843	MRIQC-22.0.6	sub-dmp0492	ses-scan2	11	0	0	0	0
ds002843	MRIQC-22.0.6	sub-dmp0498	ses-scan1	11	0	0	0	0
ds002843	MRIQC-22.0.6	sub-dmp0498	ses-scan2	11	0	0	0	0
ds002843	MRIQC-22.0.6	sub-dmp0502	ses-scan1	11	0	0	0	0
ds002843	MRIQC-22.0.6	sub-dmp0502	ses-scan2	11	0	0	0	0
ds002843	MRIQC-22.0.6	sub-dmp0509	ses-scan1	11	0	0	0	0
ds002843	MRIQC-22.0.6	sub-dmp0509	ses-scan2	11	0	0	0	0
ds002843	MRIQC-22.0.6	sub-dmp0510	ses-scan1	11	0	0	0	0
ds002843	MRIQC-22.0.6	sub-dmp0510	ses-scan2	11	0	0	0	0
ds002843	MRIQC-22.0.6	sub-dmp0521	ses-scan1	11	0	0	0	0
ds002843	MRIQC-22.0.6	sub-dmp0521	ses-scan2	11	0	0	0	0
ds002843	MRIQC-22.0.6	sub-dmp0523	ses-scan1	11	0	0	0	0
ds002843	MRIQC-22.0.6	sub-dmp0523	ses-scan2	11	0	0	0	0
ds002843	MRIQC-22.0.6	sub-dmp0528	ses-scan1	11	0	0	0	0
ds002843	MRIQC-22.0.6	sub-dmp0528	ses-scan2	11	0	0	0	0
ds002843	MRIQC-22.0.6	sub-dmp0556	ses-scan1	11	0	0	0	0
ds002843	MRIQC-22.0.6	sub-dmp0556	ses-scan2	11	0	0	0	0
ds002843	MRIQC-22.0.6	sub-dmp0558	ses-scan1	11	0	0	0	0
ds002843	MRIQC-22.0.6	sub-dmp0558	ses-scan2	11	0	0	0	0
ds002843	MRIQC-22.0.6	sub-dmp0559	ses-scan1	11	0	0	0	0
ds002843	MRIQC-22.0.6	sub-dmp0559	ses-scan2	11	0	0	0	0
ds002843	MRIQC-22.0.6	sub-dmp0574	ses-scan1	11	0	0	0	0
ds002843	MRIQC-22.0.6	sub-dmp0574	ses-scan2	11	0	0	0	0
ds002843	MRIQC-22.0.6	sub-dmp0587	ses-scan1	11	0	0	0	0
ds002843	MRIQC-22.0.6	sub-dmp0596	ses-scan1	11	0	0	0	0
ds002843	MRIQC-22.0.6	sub-dmp0596	ses-scan2	11	0	0	0	0
ds002843	MRIQC-22.0.6	sub-dmp0598	ses-scan1	11	0	0	0	0
ds002843	MRIQC-22.0.6	sub-dmp0598	ses-scan2	11	0	0	0	0
ds002843	MRIQC-22.0.6	sub-dmp0614	ses-scan1	11	0	0	0	0
ds002843	MRIQC-22.0.6	sub-dmp0614	ses-scan2	11	0	0	0	0
ds002843	MRIQC-22.0.6	sub-dmp0628	ses-scan1	11	0	0	0	0
ds002843	MRIQC-22.0.6	sub-dmp0649	ses-scan1	10	0	0	0	0
ds002843	MRIQC-22.0.6	sub-dmp0649	ses-scan2	11	0	0	0	0
ds002843	MRIQC-22.0.6	sub-dmp0660	ses-scan1	11	0	0	0	0
ds002843	MRIQC-22.0.6	sub-dmp0660	ses-scan2	11	0	0	0	0
ds002843	MRIQC-22.0.6	sub-dmp0678	ses-scan1	11	0	0	0	0
ds002843	MRIQC-22.0.6	sub-dmp0678	ses-scan2	11	0	0	0	0
ds002843	MRIQC-22.0.6	sub-dmp0679	ses-scan1	11	0	0	0	0
ds002843	MRIQC-22.0.6	sub-dmp0700	ses-scan1	11	0	0	0	0
ds002843	MRIQC-22.0.6	sub-dmp0700	ses-scan2	11	0	0	0	0
ds002843	MRIQC-22.0.6	sub-dmp0701	ses-scan1	11	0	0	0	0
ds002843	MRIQC-22.0.6	sub-dmp0701	ses-scan2	11	0	0	0	0
ds002843	MRIQC-22.0.6	sub-dmp0715	ses-scan1	11	0	0	0	0
ds002843	MRIQC-22.0.6	sub-dmp0715	ses-scan2	11	0	0	0	0
ds002843	MRIQC-22.0.6	sub-dmp0723	ses-scan1	11	0	0	0	0
ds002843	MRIQC-22.0.6	sub-dmp0723	ses-scan2	11	0	0	0	0
ds002843	MRIQC-22.0.6	sub-dmp0724	ses-scan1	11	0	0	0	0
ds002843	MRIQC-22.0.6	sub-dmp0724	ses-scan2	11	0	0	0	0
ds002843	MRIQC-22.0.6	sub-dmp0730	ses-scan1	11	0	0	0	0
ds002843	MRIQC-22.0.6	sub-dmp0730	ses-scan2	11	0	0	0	0
ds002843	MRIQC-22.0.6	sub-dmp0755	ses-scan1	11	0	0	0	0
ds002843	MRIQC-22.0.6	sub-dmp0755	ses-scan2	11	0	0	0	0
ds002843	MRIQC-22.0.6	sub-dmp0759	ses-scan1	11	0	0	0	0
ds002843	MRIQC-22.0.6	sub-dmp0759	ses-scan2	11	0	0	0	0
ds002843	MRIQC-22.0.6	sub-dmp0760	ses-scan1	11	0	0	0	0
ds002843	MRIQC-22.0.6	sub-dmp0760	ses-scan2	11	0	0	0	0
ds002843	MRIQC-22.0.6	sub-dmp0772	ses-scan1	11	0	0	0	0
ds002843	MRIQC-22.0.6	sub-dmp0772	ses-scan2	11	0	0	0	0
ds002843	MRIQC-22.0.6	sub-dmp0773	ses-scan1	11	0	0	0	0
ds002843	MRIQC-22.0.6	sub-dmp0775	ses-scan1	11	0	0	0	0
ds002843	MRIQC-22.0.6	sub-dmp0775	ses-scan2	11	0	0	0	0
ds002843	MRIQC-22.0.6	sub-dmp0777	ses-scan1	11	0	0	0	0
ds002843	MRIQC-22.0.6	sub-dmp0782	ses-scan1	11	0	0	0	0
ds002843	MRIQC-22.0.6	sub-dmp0793	ses-scan1	11	0	0	0	0
ds002843	MRIQC-22.0.6	sub-dmp0793	ses-scan2	11	0	0	0	0
ds002843	MRIQC-22.0.6	sub-dmp0795	ses-scan1	11	0	0	0	0
ds002843	MRIQC-22.0.6	sub-dmp0795	ses-scan2	11	0	0	0	0
ds002843	MRIQC-22.0.6	sub-dmp0800	ses-scan1	11	0	0	0	0
ds002843	MRIQC-22.0.6	sub-dmp0800	ses-scan2	11	0	0	0	0
ds002843	MRIQC-22.0.6	sub-dmp0801	ses-scan1	11	0	0	0	0
ds002843	MRIQC-22.0.6	sub-dmp0801	ses-scan2	11	0	0	0	0
ds002843	MRIQC-22.0.6	sub-dmp0808	ses-scan1	11	0	0	0	0
ds002843	MRIQC-22.0.6	sub-dmp0808	ses-scan2	11	0	0	0	0
ds002843	MRIQC-22.0.6	sub-dmp0812	ses-scan1	11	0	0	0	0
ds002843	MRIQC-22.0.6	sub-dmp0812	ses-scan2	11	0	0	0	0
ds002843	MRIQC-22.0.6	sub-dmp0813	ses-scan1	11	0	0	0	0
ds002843	MRIQC-22.0.6	sub-dmp0813	ses-scan2	11	0	0	0	0
ds002843	MRIQC-22.0.6	sub-dmp0815	ses-scan1	11	0	0	0	0
ds002843	MRIQC-22.0.6	sub-dmp0815	ses-scan2	11	0	0	0	0
ds002843	MRIQC-22.0.6	sub-dmp0821	ses-scan1	11	0	0	0	0
ds002843	MRIQC-22.0.6	sub-dmp0821	ses-scan2	11	0	0	0	0
ds002843	MRIQC-22.0.6	sub-dmp0844	ses-scan1	11	0	0	0	0
ds002843	MRIQC-22.0.6	sub-dmp0844	ses-scan2	11	0	0	0	0
ds002843	MRIQC-22.0.6	sub-dmp0847	ses-scan1	11	0	0	0	0
ds002843	MRIQC-22.0.6	sub-dmp0847	ses-scan2	11	0	0	0	0
ds002843	MRIQC-22.0.6	sub-dmp0848	ses-scan1	11	0	0	0	0
ds002843	MRIQC-22.0.6	sub-dmp0848	ses-scan2	11	0	0	0	0
ds002843	MRIQC-22.0.6	sub-dmp0859	ses-scan1	11	0	0	0	0
ds002843	MRIQC-22.0.6	sub-dmp0859	ses-scan2	11	0	0	0	0
ds002843	MRIQC-22.0.6	sub-dmp0870	ses-scan1	11	0	0	0	0
ds002843	MRIQC-22.0.6	sub-dmp0877	ses-scan1	11	0	0	0	0
ds002843	MRIQC-22.0.6	sub-dmp0889	ses-scan1	11	0	0	0	0
ds002843	MRIQC-22.0.6	sub-dmp0897	ses-scan1	11	0	0	0	0
ds002843	MRIQC-22.0.6	sub-dmp0897	ses-scan2	11	0	0	0	0
ds002843	MRIQC-22.0.6	sub-dmp0909	ses-scan1	11	0	0	0	0
ds002843	MRIQC-22.0.6	sub-dmp0909	ses-scan2	11	0	0	0	0
ds002843	MRIQC-22.0.6	sub-dmp0912	ses-scan1	11	0	0	0	0
ds002843	MRIQC-22.0.6	sub-dmp0913	ses-scan1	11	0	0	0	0
ds002843	MRIQC-22.0.6	sub-dmp0919	ses-scan1	11	0	0	0	0
ds002843	MRIQC-22.0.6	sub-dmp0919	ses-scan2	11	0	0	0	0
ds002843	MRIQC-22.0.6	sub-dmp0922	ses-scan1	11	0	0	0	0
ds002843	MRIQC-22.0.6	sub-dmp0928	ses-scan1	11	0	0	0	0
ds002843	MRIQC-22.0.6	sub-dmp0929	ses-scan1	11	0	0	0	0
ds002843	MRIQC-22.0.6	sub-dmp0929	ses-scan2	11	0	0	0	0
ds002843	MRIQC-22.0.6	sub-dmp0937	ses-scan1	11	0	0	0	0
ds002843	MRIQC-22.0.6	sub-dmp0937	ses-scan2	11	0	0	0	0
ds002843	MRIQC-22.0.6	sub-dmp0939	ses-scan1	11	0	0	0	0
ds002843	MRIQC-22.0.6	sub-dmp0939	ses-scan2	11	0	0	0	0
ds002843	MRIQC-22.0.6	sub-dmp0952	ses-scan1	11	0	0	0	0
ds002843	MRIQC-22.0.6	sub-dmp0954	ses-scan1	11	0	0	0	0
ds002843	MRIQC-22.0.6	sub-dmp0954	ses-scan2	11	0	0	0	0
ds002843	MRIQC-22.0.6	sub-dmp0969	ses-scan1	11	0	0	0	0
ds002843	MRIQC-22.0.6	sub-dmp0969	ses-scan2	11	0	0	0	0
ds002843	MRIQC-22.0.6	sub-dmp0971	ses-scan1	11	0	0	0	0
ds002843	MRIQC-22.0.6	sub-dmp0971	ses-scan2	11	0	0	0	0
ds002843	MRIQC-22.0.6	sub-dmp0975	ses-scan1	11	0	0	0	0
ds002843	MRIQC-22.0.6	sub-dmp0978	ses-scan1	11	0	0	0	0
ds002843	MRIQC-22.0.6	sub-dmp0978	ses-scan2	11	0	0	0	0
ds002843	MRIQC-22.0.6	sub-dmp0982	ses-scan1	11	0	0	0	0
ds002843	MRIQC-22.0.6	sub-dmp0985	ses-scan1	11	0	0	0	0
ds002843	MRIQC-22.0.6	sub-dmp0985	ses-scan2	11	0	0	0	0
ds002843	MRIQC-22.0.6	sub-dmp0996	ses-scan1	11	0	0	0	0
ds002843	MRIQC-22.0.6	sub-dmp1000	ses-scan1	11	0	0	0	0
ds002843	MRIQC-22.0.6	sub-dmp1000	ses-scan2	11	0	0	0	0
ds002843	MRIQC-22.0.6	sub-dmp1001	ses-scan1	11	0	0	0	0
ds002843	MRIQC-22.0.6	sub-dmp1003	ses-scan1	11	0	0	0	0
ds002843	MRIQC-22.0.6	sub-dmp1003	ses-scan2	11	0	0	0	0
ds002843	MRIQC-22.0.6	sub-dmp1006	ses-scan1	11	0	0	0	0
ds002843	MRIQC-22.0.6	sub-dmp1006	ses-scan2	11	0	0	0	0
ds002843	MRIQC-22.0.6	sub-dmp1028	ses-scan1	11	0	0	0	0
ds002843	MRIQC-22.0.6	sub-dmp1032	ses-scan1	11	0	0	0	0
ds002843	MRIQC-22.0.6	sub-dmp1032	ses-scan2	11	0	0	0	0
ds002843	MRIQC-22.0.6	sub-dmp1037	ses-scan1	11	0	0	0	0
ds002843	MRIQC-22.0.6	sub-dmp1037	ses-scan2	11	0	0	0	0
ds002843	MRIQC-22.0.6	sub-dmp1039	ses-scan1	11	0	0	0	0
ds002843	MRIQC-22.0.6	sub-dmp1039	ses-scan2	11	0	0	0	0
ds002843	MRIQC-22.0.6	sub-dmp1052	ses-scan1	11	0	0	0	0
ds002843	MRIQC-22.0.6	sub-dmp1052	ses-scan2	11	0	0	0	0
ds002843	MRIQC-22.0.6	sub-dmp1057	ses-scan1	11	0	0	0	0
ds002843	MRIQC-22.0.6	sub-dmp1057	ses-scan2	11	0	0	0	0
ds002843	MRIQC-22.0.6	sub-dmp1062	ses-scan1	11	0	0	0	0
ds002843	MRIQC-22.0.6	sub-dmp1062	ses-scan2	11	0	0	0	0
ds002843	MRIQC-22.0.6	sub-dmp1064	ses-scan1	11	0	0	0	0
ds002843	MRIQC-22.0.6	sub-dmp1064	ses-scan2	11	0	0	0	0
ds002843	MRIQC-22.0.6	sub-dmp1070	ses-scan1	11	0	0	0	0
ds002843	MRIQC-22.0.6	sub-dmp1070	ses-scan2	11	0	0	0	0
ds002843	MRIQC-22.0.6	sub-dmp1083	ses-scan1	11	0	0	0	0
ds002843	MRIQC-22.0.6	sub-dmp1083	ses-scan2	11	0	0	0	0
ds002843	MRIQC-22.0.6	sub-dmp1090	ses-scan1	11	0	0	0	0
ds002843	MRIQC-22.0.6	sub-dmp1090	ses-scan2	11	0	0	0	0
ds002843	MRIQC-22.0.6	sub-dmp1100	ses-scan1	11	0	0	0	0
ds002843	MRIQC-22.0.6	sub-dmp1100	ses-scan2	11	0	0	0	0
ds002843	MRIQC-22.0.6	sub-dmp1114	ses-scan1	11	0	0	0	0
ds002843	MRIQC-22.0.6	sub-dmp1114	ses-scan2	11	0	0	0	0
ds002843	MRIQC-22.0.6	sub-dmp1135	ses-scan1	11	0	0	0	0
ds002843	MRIQC-22.0.6	sub-dmp1135	ses-scan2	11	0	0	0	0
ds002843	MRIQC-22.0.6	sub-dmp1157	ses-scan1	11	0	0	0	0
ds002843	MRIQC-22.0.6	sub-dmp1165	ses-scan1	11	0	0	0	0
ds002843	MRIQC-22.0.6	sub-dmp1165	ses-scan2	9	0	0	0	0
ds002843	MRIQC-22.0.6	sub-dmp1172	ses-scan1	11	0	0	0	0
ds002843	MRIQC-22.0.6	sub-dmp1172	ses-scan2	11	0	0	0	0
ds002843	MRIQC-22.0.6	sub-dmp1183	ses-scan1	11	0	0	0	0
ds002843	MRIQC-22.0.6	sub-dmp1183	ses-scan2	11	0	0	0	0
ds002843	MRIQC-22.0.6	sub-dmp1192	ses-scan1	11	0	0	0	0
ds002843	MRIQC-22.0.6	sub-dmp1192	ses-scan2	11	0	0	0	0
ds002843	MRIQC-22.0.6	sub-dmp1205	ses-scan1	11	0	0	0	0
ds002843	MRIQC-22.0.6	sub-dmp1205	ses-scan2	11	0	0	0	0
ds002843	MRIQC-22.0.6	sub-dmp1221	ses-scan1	11	0	0	0	0
ds002843	MRIQC-22.0.6	sub-dmp1221	ses-scan2	11	0	0	0	0
ds002843	MRIQC-22.0.6	sub-dmp1225	ses-scan1	11	0	0	0	0
ds002843	MRIQC-22.0.6	sub-dmp1225	ses-scan2	11	0	0	0	0
ds002843	MRIQC-22.0.6	sub-dmp1226	ses-scan1	11	0	0	0	0
ds002843	MRIQC-22.0.6	sub-dmp1227	ses-scan1	11	0	0	0	0
ds002843	MRIQC-22.0.6	sub-dmp1231	ses-scan1	11	0	0	0	0
ds002843	MRIQC-22.0.6	sub-dmp1231	ses-scan2	11	0	0	0	0
ds002843	MRIQC-22.0.6	sub-dmp1241	ses-scan1	11	0	0	0	0
ds002843	MRIQC-22.0.6	sub-dmp1241	ses-scan2	9	0	0	0	0
ds002843	MRIQC-22.0.6	sub-dmp1243	ses-scan1	11	0	0	0	0
ds002843	MRIQC-22.0.6	sub-dmp1248	ses-scan1	11	0	0	0	0
ds002843	MRIQC-22.0.6	sub-dmp1248	ses-scan2	10	0	0	0	0
ds002843	MRIQC-22.0.6	sub-dmp1252	ses-scan1	11	0	0	0	0
ds002843	MRIQC-22.0.6	sub-dmp1260	ses-scan1	11	0	0	0	0
ds002843	MRIQC-22.0.6	sub-dmp1260	ses-scan2	11	0	0	0	0
ds002843	MRIQC-22.0.6	sub-dmp1266	ses-scan1	11	0	0	0	0
ds002843	MRIQC-22.0.6	sub-dmp1266	ses-scan2	11	0	0	0	0
ds002843	MRIQC-22.0.6	sub-dmp1271	ses-scan1	11	0	0	0	0
ds002843	MRIQC-22.0.6	sub-dmp1271	ses-scan2	11	0	0	0	0
ds002843	MRIQC-22.0.6	sub-dmp1291	ses-scan1	11	0	0	0	0
ds002843	MRIQC-22.0.6	sub-dmp1291	ses-scan2	11	0	0	0	0
ds002843	fMRIPrep-25.2.3	sub-dmp0005_ses-scan1	n/a	0	0	0	0	0
ds002843	fMRIPrep-25.2.3	sub-dmp0010_ses-scan1	n/a	0	0	0	0	0
ds002843	fMRIPrep-25.2.3	sub-dmp0011_ses-scan1	n/a	0	0	0	0	0
ds002843	fMRIPrep-25.2.3	sub-dmp0018_ses-scan1	n/a	0	0	0	0	0
ds002843	fMRIPrep-25.2.3	sub-dmp0019_ses-scan1	n/a	0	0	0	0	0
ds002843	fMRIPrep-25.2.3	sub-dmp0032_ses-scan1	n/a	0	0	0	0	0
ds002843	fMRIPrep-25.2.3	sub-dmp0034_ses-scan1	n/a	0	0	0	0	0
ds002843	fMRIPrep-25.2.3	sub-dmp0036_ses-scan1	n/a	0	0	0	0	0
ds002843	fMRIPrep-25.2.3	sub-dmp0048_ses-scan1	n/a	0	0	0	0	0
ds002843	fMRIPrep-25.2.3	sub-dmp0060_ses-scan1	n/a	0	0	0	0	0
ds002843	fMRIPrep-25.2.3	sub-dmp0062_ses-scan1	n/a	0	0	0	0	0
ds002843	fMRIPrep-25.2.3	sub-dmp0063_ses-scan1	n/a	0	0	0	0	0
ds002843	fMRIPrep-25.2.3	sub-dmp0090_ses-scan1	n/a	0	0	0	0	0
ds002843	fMRIPrep-25.2.3	sub-dmp0095_ses-scan1	n/a	0	0	0	0	0
ds002843	fMRIPrep-25.2.3	sub-dmp0097_ses-scan1	n/a	0	0	0	0	0
ds002843	fMRIPrep-25.2.3	sub-dmp0098_ses-scan1	n/a	0	0	0	0	0
ds002843	fMRIPrep-25.2.3	sub-dmp0106_ses-scan1	n/a	0	0	0	0	0
ds002843	fMRIPrep-25.2.3	sub-dmp0109_ses-scan1	n/a	0	0	0	0	0
ds002843	fMRIPrep-25.2.3	sub-dmp0110_ses-scan1	n/a	0	0	0	0	0
ds002843	fMRIPrep-25.2.3	sub-dmp0115_ses-scan1	n/a	0	0	0	0	0
ds002843	fMRIPrep-25.2.3	sub-dmp0118_ses-scan1	n/a	0	0	0	0	0
ds002843	fMRIPrep-25.2.3	sub-dmp0140_ses-scan1	n/a	0	0	0	0	0
ds002843	fMRIPrep-25.2.3	sub-dmp0148_ses-scan1	n/a	0	0	0	0	0
ds002843	fMRIPrep-25.2.3	sub-dmp0153_ses-scan1	n/a	0	0	0	0	0
ds002843	fMRIPrep-25.2.3	sub-dmp0154_ses-scan1	n/a	0	0	0	0	0
ds002843	fMRIPrep-25.2.3	sub-dmp0157_ses-scan1	n/a	0	0	0	0	0
ds002843	fMRIPrep-25.2.3	sub-dmp0169_ses-scan1	n/a	0	0	0	0	0
ds002843	fMRIPrep-25.2.3	sub-dmp0171_ses-scan1	n/a	0	0	0	0	0
ds002843	fMRIPrep-25.2.3	sub-dmp0183_ses-scan1	n/a	0	0	0	0	0
ds002843	fMRIPrep-25.2.3	sub-dmp0188_ses-scan1	n/a	0	0	0	0	0
ds002843	fMRIPrep-25.2.3	sub-dmp0199_ses-scan1	n/a	0	0	0	0	0
ds002843	fMRIPrep-25.2.3	sub-dmp0200_ses-scan1	n/a	0	0	0	0	0
ds002843	fMRIPrep-25.2.3	sub-dmp0202_ses-scan1	n/a	0	0	0	0	0
ds002843	fMRIPrep-25.2.3	sub-dmp0216_ses-scan1	n/a	0	0	0	0	0
ds002843	fMRIPrep-25.2.3	sub-dmp0217_ses-scan1	n/a	0	0	0	0	0
ds002843	fMRIPrep-25.2.3	sub-dmp0219_ses-scan1	n/a	0	0	0	0	0
ds002843	fMRIPrep-25.2.3	sub-dmp0224_ses-scan1	n/a	0	0	0	0	0
ds002843	fMRIPrep-25.2.3	sub-dmp0229_ses-scan1	n/a	0	0	0	0	0
ds002843	fMRIPrep-25.2.3	sub-dmp0259_ses-scan1	n/a	0	0	0	0	0
ds002843	fMRIPrep-25.2.3	sub-dmp0267_ses-scan1	n/a	0	0	0	0	0
ds002843	fMRIPrep-25.2.3	sub-dmp0269_ses-scan1	n/a	0	0	0	0	0
ds002843	fMRIPrep-25.2.3	sub-dmp0273_ses-scan1	n/a	0	0	0	0	0
ds002843	fMRIPrep-25.2.3	sub-dmp0290_ses-scan1	n/a	0	0	0	0	0
ds002843	fMRIPrep-25.2.3	sub-dmp0295_ses-scan1	n/a	0	0	0	0	0
ds002843	fMRIPrep-25.2.3	sub-dmp0301_ses-scan1	n/a	0	0	0	0	0
ds002843	fMRIPrep-25.2.3	sub-dmp0305_ses-scan1	n/a	0	0	0	0	0
ds002843	fMRIPrep-25.2.3	sub-dmp0313_ses-scan1	n/a	0	0	0	0	0
ds002843	fMRIPrep-25.2.3	sub-dmp0330_ses-scan1	n/a	0	0	0	0	0
ds002843	fMRIPrep-25.2.3	sub-dmp0350_ses-scan1	n/a	0	0	0	0	0
ds002843	fMRIPrep-25.2.3	sub-dmp0356_ses-scan1	n/a	0	0	0	0	0
ds002843	fMRIPrep-25.2.3	sub-dmp0357_ses-scan1	n/a	0	0	0	0	0
ds002843	fMRIPrep-25.2.3	sub-dmp0381_ses-scan1	n/a	0	0	0	0	0
ds002843	fMRIPrep-25.2.3	sub-dmp0389_ses-scan1	n/a	0	0	0	0	0
ds002843	fMRIPrep-25.2.3	sub-dmp0414_ses-scan1	n/a	0	0	0	0	0
ds002843	fMRIPrep-25.2.3	sub-dmp0418_ses-scan1	n/a	0	0	0	0	0
ds002843	fMRIPrep-25.2.3	sub-dmp0423_ses-scan1	n/a	0	0	0	0	0
ds002843	fMRIPrep-25.2.3	sub-dmp0442_ses-scan1	n/a	0	0	0	0	0
ds002843	fMRIPrep-25.2.3	sub-dmp0445_ses-scan1	n/a	0	0	0	0	0
ds002843	fMRIPrep-25.2.3	sub-dmp0492_ses-scan1	n/a	0	0	0	0	0
ds002843	fMRIPrep-25.2.3	sub-dmp0498_ses-scan1	n/a	0	0	0	0	0
ds002843	fMRIPrep-25.2.3	sub-dmp0502_ses-scan1	n/a	0	0	0	0	0
ds002843	fMRIPrep-25.2.3	sub-dmp0509_ses-scan1	n/a	0	0	0	0	0
ds002843	fMRIPrep-25.2.3	sub-dmp0510_ses-scan1	n/a	0	0	0	0	0
ds002843	fMRIPrep-25.2.3	sub-dmp0521_ses-scan1	n/a	0	0	0	0	0
ds002843	fMRIPrep-25.2.3	sub-dmp0523_ses-scan1	n/a	0	0	0	0	0
ds002843	fMRIPrep-25.2.3	sub-dmp0528_ses-scan1	n/a	0	0	0	0	0
ds002843	fMRIPrep-25.2.3	sub-dmp0556_ses-scan1	n/a	0	0	0	0	0
ds002843	fMRIPrep-25.2.3	sub-dmp0558_ses-scan1	n/a	0	0	0	0	0
ds002843	fMRIPrep-25.2.3	sub-dmp0559_ses-scan1	n/a	0	0	0	0	0
ds002843	fMRIPrep-25.2.3	sub-dmp0574_ses-scan1	n/a	0	0	0	0	0
ds002843	fMRIPrep-25.2.3	sub-dmp0587_ses-scan1	n/a	0	0	0	0	0
ds002843	fMRIPrep-25.2.3	sub-dmp0596_ses-scan1	n/a	0	0	0	0	0
ds002843	fMRIPrep-25.2.3	sub-dmp0598_ses-scan1	n/a	0	0	0	0	0
ds002843	fMRIPrep-25.2.3	sub-dmp0614_ses-scan1	n/a	0	0	0	0	0
ds002843	fMRIPrep-25.2.3	sub-dmp0628_ses-scan1	n/a	0	0	0	0	0
ds002843	fMRIPrep-25.2.3	sub-dmp0649_ses-scan1	n/a	0	0	0	0	0
ds002843	fMRIPrep-25.2.3	sub-dmp0660_ses-scan1	n/a	0	0	0	0	0
ds002843	fMRIPrep-25.2.3	sub-dmp0678_ses-scan1	n/a	0	0	0	0	0
ds002843	fMRIPrep-25.2.3	sub-dmp0679_ses-scan1	n/a	0	0	0	0	0
ds002843	fMRIPrep-25.2.3	sub-dmp0700_ses-scan1	n/a	0	0	0	0	0
ds002843	fMRIPrep-25.2.3	sub-dmp0701_ses-scan1	n/a	0	0	0	0	0
ds002843	fMRIPrep-25.2.3	sub-dmp0715_ses-scan1	n/a	0	0	0	0	0
ds002843	fMRIPrep-25.2.3	sub-dmp0723_ses-scan1	n/a	0	0	0	0	0
ds002843	fMRIPrep-25.2.3	sub-dmp0724_ses-scan1	n/a	0	0	0	0	0
ds002843	fMRIPrep-25.2.3	sub-dmp0730_ses-scan1	n/a	0	0	0	0	0
ds002843	fMRIPrep-25.2.3	sub-dmp0755_ses-scan1	n/a	0	0	0	0	0
ds002843	fMRIPrep-25.2.3	sub-dmp0759_ses-scan1	n/a	0	0	0	0	0
ds002843	fMRIPrep-25.2.3	sub-dmp0760_ses-scan1	n/a	0	0	0	0	0
ds002843	fMRIPrep-25.2.3	sub-dmp0772_ses-scan1	n/a	0	0	0	0	0
ds002843	fMRIPrep-25.2.3	sub-dmp0773_ses-scan1	n/a	0	0	0	0	0
ds002843	fMRIPrep-25.2.3	sub-dmp0775_ses-scan1	n/a	0	0	0	0	0
ds002843	fMRIPrep-25.2.3	sub-dmp0777_ses-scan1	n/a	0	0	0	0	0
ds002843	fMRIPrep-25.2.3	sub-dmp0782_ses-scan1	n/a	0	0	0	0	0
ds002843	fMRIPrep-25.2.3	sub-dmp0793_ses-scan1	n/a	0	0	0	0	0
ds002843	fMRIPrep-25.2.3	sub-dmp0795_ses-scan1	n/a	0	0	0	0	0
ds002843	fMRIPrep-25.2.3	sub-dmp0800_ses-scan1	n/a	0	0	0	0	0
ds002843	fMRIPrep-25.2.3	sub-dmp0801_ses-scan1	n/a	0	0	0	0	0
ds002843	fMRIPrep-25.2.3	sub-dmp0808_ses-scan1	n/a	0	0	0	0	0
ds002843	fMRIPrep-25.2.3	sub-dmp0812_ses-scan1	n/a	0	0	0	0	0
ds002843	fMRIPrep-25.2.3	sub-dmp0813_ses-scan1	n/a	0	0	0	0	0
ds002843	fMRIPrep-25.2.3	sub-dmp0815_ses-scan1	n/a	0	0	0	0	0
ds002843	fMRIPrep-25.2.3	sub-dmp0821_ses-scan1	n/a	0	0	0	0	0
ds002843	fMRIPrep-25.2.3	sub-dmp0844_ses-scan1	n/a	0	0	0	0	0
ds002843	fMRIPrep-25.2.3	sub-dmp0847_ses-scan1	n/a	0	0	0	0	0
ds002843	fMRIPrep-25.2.3	sub-dmp0848_ses-scan1	n/a	0	0	0	0	0
ds002843	fMRIPrep-25.2.3	sub-dmp0859_ses-scan1	n/a	0	0	0	0	0
ds002843	fMRIPrep-25.2.3	sub-dmp0870_ses-scan1	n/a	0	0	0	0	0
ds002843	fMRIPrep-25.2.3	sub-dmp0877_ses-scan1	n/a	0	0	0	0	0
ds002843	fMRIPrep-25.2.3	sub-dmp0889_ses-scan1	n/a	0	0	0	0	0
ds002843	fMRIPrep-25.2.3	sub-dmp0897_ses-scan1	n/a	0	0	0	0	0
ds002843	fMRIPrep-25.2.3	sub-dmp0909_ses-scan1	n/a	0	0	0	0	0
ds002843	fMRIPrep-25.2.3	sub-dmp0912_ses-scan1	n/a	0	0	0	0	0
ds002843	fMRIPrep-25.2.3	sub-dmp0913_ses-scan1	n/a	0	0	0	0	0
ds002843	fMRIPrep-25.2.3	sub-dmp0919_ses-scan1	n/a	0	0	0	0	0
ds002843	fMRIPrep-25.2.3	sub-dmp0922_ses-scan1	n/a	0	0	0	0	0
ds002843	fMRIPrep-25.2.3	sub-dmp0928_ses-scan1	n/a	0	0	0	0	0
ds002843	fMRIPrep-25.2.3	sub-dmp0929_ses-scan1	n/a	0	0	0	0	0
ds002843	fMRIPrep-25.2.3	sub-dmp0937_ses-scan1	n/a	0	0	0	0	0
ds002843	fMRIPrep-25.2.3	sub-dmp0939_ses-scan1	n/a	0	0	0	0	0
ds002843	fMRIPrep-25.2.3	sub-dmp0952_ses-scan1	n/a	0	0	0	0	0
ds002843	fMRIPrep-25.2.3	sub-dmp0954_ses-scan1	n/a	0	0	0	0	0
ds002843	fMRIPrep-25.2.3	sub-dmp0969_ses-scan1	n/a	0	0	0	0	0
ds002843	fMRIPrep-25.2.3	sub-dmp0971_ses-scan1	n/a	0	0	0	0	0
ds002843	fMRIPrep-25.2.3	sub-dmp0975_ses-scan1	n/a	0	0	0	0	0
ds002843	fMRIPrep-25.2.3	sub-dmp0978_ses-scan1	n/a	0	0	0	0	0
ds002843	fMRIPrep-25.2.3	sub-dmp0982_ses-scan1	n/a	0	0	0	0	0
ds002843	fMRIPrep-25.2.3	sub-dmp0985_ses-scan1	n/a	0	0	0	0	0
ds002843	fMRIPrep-25.2.3	sub-dmp0996_ses-scan1	n/a	0	0	0	0	0
ds002843	fMRIPrep-25.2.3	sub-dmp1000_ses-scan1	n/a	0	0	0	0	0
ds002843	fMRIPrep-25.2.3	sub-dmp1001_ses-scan1	n/a	0	0	0	0	0
ds002843	fMRIPrep-25.2.3	sub-dmp1003_ses-scan1	n/a	0	0	0	0	0
ds002843	fMRIPrep-25.2.3	sub-dmp1006_ses-scan1	n/a	0	0	0	0	0
ds002843	fMRIPrep-25.2.3	sub-dmp1028_ses-scan1	n/a	0	0	0	0	0
ds002843	fMRIPrep-25.2.3	sub-dmp1032_ses-scan1	n/a	0	0	0	0	0
ds002843	fMRIPrep-25.2.3	sub-dmp1037_ses-scan1	n/a	0	0	0	0	0
ds002843	fMRIPrep-25.2.3	sub-dmp1039_ses-scan1	n/a	0	0	0	0	0
ds002843	fMRIPrep-25.2.3	sub-dmp1052_ses-scan1	n/a	0	0	0	0	0
ds002843	fMRIPrep-25.2.3	sub-dmp1057_ses-scan1	n/a	0	0	0	0	0
ds002843	fMRIPrep-25.2.3	sub-dmp1062_ses-scan1	n/a	0	0	0	0	0
ds002843	fMRIPrep-25.2.3	sub-dmp1064_ses-scan1	n/a	0	0	0	0	0
ds002843	fMRIPrep-25.2.3	sub-dmp1070_ses-scan1	n/a	0	0	0	0	0
ds002843	fMRIPrep-25.2.3	sub-dmp1083_ses-scan1	n/a	0	0	0	0	0
ds002843	fMRIPrep-25.2.3	sub-dmp1090_ses-scan1	n/a	0	0	0	0	0
ds002843	fMRIPrep-25.2.3	sub-dmp1095_ses-scan1	n/a	0	0	0	0	0
ds002843	fMRIPrep-25.2.3	sub-dmp1100_ses-scan1	n/a	0	0	0	0	0
ds002843	fMRIPrep-25.2.3	sub-dmp1114_ses-scan1	n/a	0	0	0	0	0
ds002843	fMRIPrep-25.2.3	sub-dmp1135_ses-scan1	n/a	0	0	0	0	0
ds002843	fMRIPrep-25.2.3	sub-dmp1157_ses-scan1	n/a	0	0	0	0	0
ds002843	fMRIPrep-25.2.3	sub-dmp1165_ses-scan1	n/a	0	0	0	0	0
ds002843	fMRIPrep-25.2.3	sub-dmp1172_ses-scan1	n/a	0	0	0	0	0
ds002843	fMRIPrep-25.2.3	sub-dmp1183_ses-scan1	n/a	0	0	0	0	0
ds002843	fMRIPrep-25.2.3	sub-dmp1192_ses-scan1	n/a	0	0	0	0	0
ds002843	fMRIPrep-25.2.3	sub-dmp1205_ses-scan1	n/a	0	0	0	0	0
ds002843	fMRIPrep-25.2.3	sub-dmp1221_ses-scan1	n/a	0	0	0	0	0
ds002843	fMRIPrep-25.2.3	sub-dmp1225_ses-scan1	n/a	0	0	0	0	0
ds002843	fMRIPrep-25.2.3	sub-dmp1226_ses-scan1	n/a	0	0	0	0	0
ds002843	fMRIPrep-25.2.3	sub-dmp1227_ses-scan1	n/a	0	0	0	0	0
ds002843	fMRIPrep-25.2.3	sub-dmp1231_ses-scan1	n/a	0	0	0	0	0
ds002843	fMRIPrep-25.2.3	sub-dmp1241_ses-scan1	n/a	0	0	0	0	0
ds002843	fMRIPrep-25.2.3	sub-dmp1243_ses-scan1	n/a	0	0	0	0	0
ds002843	fMRIPrep-25.2.3	sub-dmp1248_ses-scan1	n/a	0	0	0	0	0
ds002843	fMRIPrep-25.2.3	sub-dmp1252_ses-scan1	n/a	0	0	0	0	0
ds002843	fMRIPrep-25.2.3	sub-dmp1260_ses-scan1	n/a	0	0	0	0	0
ds002843	fMRIPrep-25.2.3	sub-dmp1266_ses-scan1	n/a	0	0	0	0	0
ds002843	fMRIPrep-25.2.3	sub-dmp1271_ses-scan1	n/a	0	0	0	0	0
ds002843	fMRIPrep-25.2.3	sub-dmp1291_ses-scan1	n/a	0	0	0	0	0
ds002843	fMRIPrep-25.2.3	sub-dmp0005	ses-scan1	154	448244522	39	57519987	0
ds002843	fMRIPrep-25.2.3	sub-dmp0010	ses-multi-fa7a	1	3010	0	0	0
ds002843	fMRIPrep-25.2.3	sub-dmp0010	ses-scan1	114	13580806	31	13319827	0
ds002843	fMRIPrep-25.2.3	sub-dmp0010	ses-scan2	114	13560578	31	13300721	0
ds002843	fMRIPrep-25.2.3	sub-dmp0011	ses-multi-fa7a	1	3011	0	0	0
ds002843	fMRIPrep-25.2.3	sub-dmp0011	ses-scan1	114	14388957	31	14176276	0
ds002843	fMRIPrep-25.2.3	sub-dmp0011	ses-scan2	114	14989107	31	14777640	0
ds002843	fMRIPrep-25.2.3	sub-dmp0018	ses-multi-fa7a	1	3011	0	0	0
ds002843	fMRIPrep-25.2.3	sub-dmp0018	ses-scan1	114	14033167	31	13772926	0
ds002843	fMRIPrep-25.2.3	sub-dmp0018	ses-scan2	114	13951936	31	13692698	0
ds002843	fMRIPrep-25.2.3	sub-dmp0019	ses-multi-fa7a	1	3011	0	0	0
ds002843	fMRIPrep-25.2.3	sub-dmp0019	ses-scan1	114	15063209	31	14850321	0
ds002843	fMRIPrep-25.2.3	sub-dmp0019	ses-scan2	114	14959921	31	14746685	0
ds002843	fMRIPrep-25.2.3	sub-dmp0032	ses-scan1	154	471095122	39	57942135	0
ds002843	fMRIPrep-25.2.3	sub-dmp0034	ses-scan1	154	456367512	39	57840252	0
ds002843	fMRIPrep-25.2.3	sub-dmp0036	ses-multi-fa7a	1	3011	0	0	0
ds002843	fMRIPrep-25.2.3	sub-dmp0036	ses-scan1	114	13875411	31	13617180	0
ds002843	fMRIPrep-25.2.3	sub-dmp0036	ses-scan2	114	13815198	31	13556324	0
ds002843	fMRIPrep-25.2.3	sub-dmp0048	ses-multi-fa7a	1	3011	0	0	0
ds002843	fMRIPrep-25.2.3	sub-dmp0048	ses-scan1	114	14109134	31	13896940	0
ds002843	fMRIPrep-25.2.3	sub-dmp0048	ses-scan2	114	14876194	31	14663435	0
ds002843	fMRIPrep-25.2.3	sub-dmp0060	ses-multi-fa7a	1	3009	0	0	0
ds002843	fMRIPrep-25.2.3	sub-dmp0060	ses-scan1	114	14882316	31	14672625	0
ds002843	fMRIPrep-25.2.3	sub-dmp0060	ses-scan2	114	14839592	31	14627690	0
ds002843	fMRIPrep-25.2.3	sub-dmp0062	ses-multi-fa7a	1	3011	0	0	0
ds002843	fMRIPrep-25.2.3	sub-dmp0062	ses-scan1	114	14147814	31	13935507	0
ds002843	fMRIPrep-25.2.3	sub-dmp0062	ses-scan2	114	14806433	31	14594207	0
ds002843	fMRIPrep-25.2.3	sub-dmp0063	ses-multi-fa7a	1	3011	0	0	0
ds002843	fMRIPrep-25.2.3	sub-dmp0063	ses-scan1	114	14038919	31	13838375	0
ds002843	fMRIPrep-25.2.3	sub-dmp0063	ses-scan2	114	14616936	31	14405659	0
ds002843	fMRIPrep-25.2.3	sub-dmp0090	ses-scan1	154	466126873	39	59658225	0
ds002843	fMRIPrep-25.2.3	sub-dmp0095	ses-multi-fa7a	1	3009	0	0	0
ds002843	fMRIPrep-25.2.3	sub-dmp0095	ses-scan1	81	11020796	24	10843129	0
ds002843	fMRIPrep-25.2.3	sub-dmp0095	ses-scan2	114	14839231	31	14624930	0
ds002843	fMRIPrep-25.2.3	sub-dmp0097	ses-multi-fa7a	1	3010	0	0	0
ds002843	fMRIPrep-25.2.3	sub-dmp0097	ses-scan1	114	14640820	31	14428804	0
ds002843	fMRIPrep-25.2.3	sub-dmp0097	ses-scan2	114	14728511	31	14517422	0
ds002843	fMRIPrep-25.2.3	sub-dmp0098	ses-multi-fa7a	1	3011	0	0	0
ds002843	fMRIPrep-25.2.3	sub-dmp0098	ses-scan1	114	15083285	31	14870375	0
ds002843	fMRIPrep-25.2.3	sub-dmp0098	ses-scan2	114	15022660	31	14808457	0
ds002843	fMRIPrep-25.2.3	sub-dmp0106	ses-multi-fa7a	1	3011	0	0	0
ds002843	fMRIPrep-25.2.3	sub-dmp0106	ses-scan1	114	14808687	31	14598435	0
ds002843	fMRIPrep-25.2.3	sub-dmp0106	ses-scan2	114	14829089	31	14618837	0
ds002843	fMRIPrep-25.2.3	sub-dmp0109	ses-multi-fa7a	1	3011	0	0	0
ds002843	fMRIPrep-25.2.3	sub-dmp0109	ses-scan1	114	14919570	31	14705201	0
ds002843	fMRIPrep-25.2.3	sub-dmp0109	ses-scan2	114	14947975	31	14734693	0
ds002843	fMRIPrep-25.2.3	sub-dmp0110	ses-multi-fa7a	1	3010	0	0	0
ds002843	fMRIPrep-25.2.3	sub-dmp0110	ses-scan1	114	14846410	31	14633529	0
ds002843	fMRIPrep-25.2.3	sub-dmp0110	ses-scan2	114	14907031	31	14691935	0
ds002843	fMRIPrep-25.2.3	sub-dmp0115	ses-scan1	154	465158309	39	58959737	0
ds002843	fMRIPrep-25.2.3	sub-dmp0118	ses-multi-fa7a	1	3011	0	0	0
ds002843	fMRIPrep-25.2.3	sub-dmp0118	ses-scan1	114	14897733	31	14684294	0
ds002843	fMRIPrep-25.2.3	sub-dmp0118	ses-scan2	90	12076413	25	11909999	0
ds002843	fMRIPrep-25.2.3	sub-dmp0140	ses-multi-fa7a	1	3011	0	0	0
ds002843	fMRIPrep-25.2.3	sub-dmp0140	ses-scan1	114	14817836	31	14604200	0
ds002843	fMRIPrep-25.2.3	sub-dmp0140	ses-scan2	114	14862809	31	14649557	0
ds002843	fMRIPrep-25.2.3	sub-dmp0148	ses-multi-fa7a	1	3011	0	0	0
ds002843	fMRIPrep-25.2.3	sub-dmp0148	ses-scan1	114	15182816	31	14971907	0
ds002843	fMRIPrep-25.2.3	sub-dmp0148	ses-scan2	114	15217967	31	15006963	0
ds002843	fMRIPrep-25.2.3	sub-dmp0153	ses-scan1	154	461305215	39	60899849	0
ds002843	fMRIPrep-25.2.3	sub-dmp0154	ses-multi-fa7a	1	3010	0	0	0
ds002843	fMRIPrep-25.2.3	sub-dmp0154	ses-scan1	114	14882023	31	14670686	0
ds002843	fMRIPrep-25.2.3	sub-dmp0154	ses-scan2	114	14800381	31	14591147	0
ds002843	fMRIPrep-25.2.3	sub-dmp0157	ses-scan1	154	452386325	39	58190185	0
ds002843	fMRIPrep-25.2.3	sub-dmp0169	ses-multi-fa7a	1	3010	0	0	0
ds002843	fMRIPrep-25.2.3	sub-dmp0169	ses-scan1	114	14882030	31	14668998	0
ds002843	fMRIPrep-25.2.3	sub-dmp0169	ses-scan2	114	14797748	31	14587498	0
ds002843	fMRIPrep-25.2.3	sub-dmp0171	ses-multi-fa7a	1	3010	0	0	0
ds002843	fMRIPrep-25.2.3	sub-dmp0171	ses-scan1	114	14910326	31	14695113	0
ds002843	fMRIPrep-25.2.3	sub-dmp0171	ses-scan2	114	14980315	31	14765642	0
ds002843	fMRIPrep-25.2.3	sub-dmp0183	ses-multi-fa7a	1	3011	0	0	0
ds002843	fMRIPrep-25.2.3	sub-dmp0183	ses-scan1	114	15026503	31	14815826	0
ds002843	fMRIPrep-25.2.3	sub-dmp0183	ses-scan2	114	15131157	31	14917768	0
ds002843	fMRIPrep-25.2.3	sub-dmp0188	ses-scan1	154	459587006	39	59512527	0
ds002843	fMRIPrep-25.2.3	sub-dmp0199	ses-scan1	154	453050656	39	58347016	0
ds002843	fMRIPrep-25.2.3	sub-dmp0200	ses-multi-fa7a	7	31347	0	0	0
ds002843	fMRIPrep-25.2.3	sub-dmp0200	ses-scan1	114	15100425	31	14891030	0
ds002843	fMRIPrep-25.2.3	sub-dmp0200	ses-scan2	114	15124609	31	14912982	0
ds002843	fMRIPrep-25.2.3	sub-dmp0202	ses-multi-fa7a	1	3011	0	0	0
ds002843	fMRIPrep-25.2.3	sub-dmp0202	ses-scan1	114	14778895	31	14566878	0
ds002843	fMRIPrep-25.2.3	sub-dmp0202	ses-scan2	114	14818158	31	14607502	0
ds002843	fMRIPrep-25.2.3	sub-dmp0216	ses-scan1	154	466540000	39	59248062	0
ds002843	fMRIPrep-25.2.3	sub-dmp0217	ses-multi-fa7a	1	3010	0	0	0
ds002843	fMRIPrep-25.2.3	sub-dmp0217	ses-scan1	114	15181822	31	14966873	0
ds002843	fMRIPrep-25.2.3	sub-dmp0217	ses-scan2	114	15191245	31	14977430	0
ds002843	fMRIPrep-25.2.3	sub-dmp0219	ses-multi-fa7a	1	3010	0	0	0
ds002843	fMRIPrep-25.2.3	sub-dmp0219	ses-scan1	114	14959782	31	14745916	0
ds002843	fMRIPrep-25.2.3	sub-dmp0219	ses-scan2	114	15086728	31	14873304	0
ds002843	fMRIPrep-25.2.3	sub-dmp0224	ses-scan1	154	449779845	39	58787250	0
ds002843	fMRIPrep-25.2.3	sub-dmp0229	ses-scan1	154	477569126	39	60172378	0
ds002843	fMRIPrep-25.2.3	sub-dmp0259	ses-multi-fa7a	1	3010	0	0	0
ds002843	fMRIPrep-25.2.3	sub-dmp0259	ses-scan1	114	15105180	31	14925727	0
ds002843	fMRIPrep-25.2.3	sub-dmp0259	ses-scan2	114	15230764	31	15022217	0
ds002843	fMRIPrep-25.2.3	sub-dmp0267	ses-multi-fa7a	1	3009	0	0	0
ds002843	fMRIPrep-25.2.3	sub-dmp0267	ses-scan1	114	15035131	31	14823562	0
ds002843	fMRIPrep-25.2.3	sub-dmp0267	ses-scan2	114	15079655	31	14865184	0
ds002843	fMRIPrep-25.2.3	sub-dmp0269	ses-multi-fa7a	1	3011	0	0	0
ds002843	fMRIPrep-25.2.3	sub-dmp0269	ses-scan1	114	15266724	31	15053793	0
ds002843	fMRIPrep-25.2.3	sub-dmp0269	ses-scan2	114	15276610	31	15064008	0
ds002843	fMRIPrep-25.2.3	sub-dmp0273	ses-multi-fa7a	1	3011	0	0	0
ds002843	fMRIPrep-25.2.3	sub-dmp0273	ses-scan1	114	14951607	31	14738691	0
ds002843	fMRIPrep-25.2.3	sub-dmp0273	ses-scan2	114	14919224	31	14705854	0
ds002843	fMRIPrep-25.2.3	sub-dmp0290	ses-multi-fa7a	1	3011	0	0	0
ds002843	fMRIPrep-25.2.3	sub-dmp0290	ses-scan1	114	15103021	31	14890738	0
ds002843	fMRIPrep-25.2.3	sub-dmp0290	ses-scan2	114	15100920	31	14891286	0
ds002843	fMRIPrep-25.2.3	sub-dmp0295	ses-scan1	154	458484240	39	59714925	0
ds002843	fMRIPrep-25.2.3	sub-dmp0301	ses-multi-fa7a	1	3010	0	0	0
ds002843	fMRIPrep-25.2.3	sub-dmp0301	ses-scan1	114	14750833	31	14536788	0
ds002843	fMRIPrep-25.2.3	sub-dmp0301	ses-scan2	114	14658673	31	14444417	0
ds002843	fMRIPrep-25.2.3	sub-dmp0305	ses-multi-fa7a	1	3011	0	0	0
ds002843	fMRIPrep-25.2.3	sub-dmp0305	ses-scan1	114	15136047	31	14922202	0
ds002843	fMRIPrep-25.2.3	sub-dmp0305	ses-scan2	114	15233695	31	15021701	0
ds002843	fMRIPrep-25.2.3	sub-dmp0313	ses-multi-fa7a	1	3011	0	0	0
ds002843	fMRIPrep-25.2.3	sub-dmp0313	ses-scan1	114	14893465	31	14679247	0
ds002843	fMRIPrep-25.2.3	sub-dmp0313	ses-scan2	114	14876206	31	14661312	0
ds002843	fMRIPrep-25.2.3	sub-dmp0330	ses-multi-fa7a	1	3011	0	0	0
ds002843	fMRIPrep-25.2.3	sub-dmp0330	ses-scan1	114	14737831	31	14523729	0
ds002843	fMRIPrep-25.2.3	sub-dmp0330	ses-scan2	91	12479442	27	12267407	0
ds002843	fMRIPrep-25.2.3	sub-dmp0350	ses-multi-fa7a	1	3010	0	0	0
ds002843	fMRIPrep-25.2.3	sub-dmp0350	ses-scan1	114	15113551	31	14899509	0
ds002843	fMRIPrep-25.2.3	sub-dmp0350	ses-scan2	114	14985540	31	14771098	0
ds002843	fMRIPrep-25.2.3	sub-dmp0356	ses-multi-fa7a	1	3009	0	0	0
ds002843	fMRIPrep-25.2.3	sub-dmp0356	ses-scan1	114	15178011	31	14964195	0
ds002843	fMRIPrep-25.2.3	sub-dmp0356	ses-scan2	114	15007712	31	14794348	0
ds002843	fMRIPrep-25.2.3	sub-dmp0357	ses-multi-fa7a	1	3011	0	0	0
ds002843	fMRIPrep-25.2.3	sub-dmp0357	ses-scan1	114	14988930	31	14774844	0
ds002843	fMRIPrep-25.2.3	sub-dmp0357	ses-scan2	114	14929184	31	14714437	0
ds002843	fMRIPrep-25.2.3	sub-dmp0381	ses-multi-fa7a	1	3010	0	0	0
ds002843	fMRIPrep-25.2.3	sub-dmp0381	ses-scan1	114	15230038	31	15020758	0
ds002843	fMRIPrep-25.2.3	sub-dmp0381	ses-scan2	114	15207555	31	14993814	0
ds002843	fMRIPrep-25.2.3	sub-dmp0389	ses-multi-fa7a	1	3011	0	0	0
ds002843	fMRIPrep-25.2.3	sub-dmp0389	ses-scan1	114	15004371	31	14790651	0
ds002843	fMRIPrep-25.2.3	sub-dmp0389	ses-scan2	114	15056702	31	14843644	0
ds002843	fMRIPrep-25.2.3	sub-dmp0414	ses-multi-fa7a	1	3009	0	0	0
ds002843	fMRIPrep-25.2.3	sub-dmp0414	ses-scan1	114	14987604	31	14774375	0
ds002843	fMRIPrep-25.2.3	sub-dmp0414	ses-scan2	114	15016380	31	14801871	0
ds002843	fMRIPrep-25.2.3	sub-dmp0418	ses-scan1	154	453266040	39	56838617	0
ds002843	fMRIPrep-25.2.3	sub-dmp0423	ses-scan1	154	465737741	39	59048775	0
ds002843	fMRIPrep-25.2.3	sub-dmp0442	ses-multi-fa7a	1	3011	0	0	0
ds002843	fMRIPrep-25.2.3	sub-dmp0442	ses-scan1	114	15121343	31	14907816	0
ds002843	fMRIPrep-25.2.3	sub-dmp0442	ses-scan2	114	15045754	31	14831162	0
ds002843	fMRIPrep-25.2.3	sub-dmp0445	ses-multi-fa7a	1	3011	0	0	0
ds002843	fMRIPrep-25.2.3	sub-dmp0445	ses-scan1	114	15091467	31	14877669	0
ds002843	fMRIPrep-25.2.3	sub-dmp0445	ses-scan2	114	15125873	31	14912179	0
ds002843	fMRIPrep-25.2.3	sub-dmp0492	ses-multi-fa7a	1	3011	0	0	0
ds002843	fMRIPrep-25.2.3	sub-dmp0492	ses-scan1	114	14573317	31	14360018	0
ds002843	fMRIPrep-25.2.3	sub-dmp0492	ses-scan2	114	14688631	31	14474902	0
ds002843	fMRIPrep-25.2.3	sub-dmp0498	ses-multi-fa7a	1	3011	0	0	0
ds002843	fMRIPrep-25.2.3	sub-dmp0498	ses-scan1	114	14924413	31	14710327	0
ds002843	fMRIPrep-25.2.3	sub-dmp0498	ses-scan2	114	15002185	31	14791275	0
ds002843	fMRIPrep-25.2.3	sub-dmp0502	ses-multi-fa7a	1	3011	0	0	0
ds002843	fMRIPrep-25.2.3	sub-dmp0502	ses-scan1	114	15099364	31	14885806	0
ds002843	fMRIPrep-25.2.3	sub-dmp0502	ses-scan2	114	15049339	31	14838444	0
ds002843	fMRIPrep-25.2.3	sub-dmp0509	ses-multi-fa7a	1	3010	0	0	0
ds002843	fMRIPrep-25.2.3	sub-dmp0509	ses-scan1	114	14927476	31	14715495	0
ds002843	fMRIPrep-25.2.3	sub-dmp0509	ses-scan2	114	14967783	31	14755479	0
ds002843	fMRIPrep-25.2.3	sub-dmp0510	ses-multi-fa7a	1	3011	0	0	0
ds002843	fMRIPrep-25.2.3	sub-dmp0510	ses-scan1	114	14684649	31	14491911	0
ds002843	fMRIPrep-25.2.3	sub-dmp0510	ses-scan2	114	14850040	31	14639561	0
ds002843	fMRIPrep-25.2.3	sub-dmp0521	ses-multi-fa7a	1	3011	0	0	0
ds002843	fMRIPrep-25.2.3	sub-dmp0521	ses-scan1	114	14826153	31	14613485	0
ds002843	fMRIPrep-25.2.3	sub-dmp0521	ses-scan2	114	14922069	31	14709715	0
ds002843	fMRIPrep-25.2.3	sub-dmp0523	ses-multi-fa7a	1	3011	0	0	0
ds002843	fMRIPrep-25.2.3	sub-dmp0523	ses-scan1	114	14929641	31	14715959	0
ds002843	fMRIPrep-25.2.3	sub-dmp0523	ses-scan2	114	14885541	31	14670851	0
ds002843	fMRIPrep-25.2.3	sub-dmp0528	ses-multi-fa7a	1	3009	0	0	0
ds002843	fMRIPrep-25.2.3	sub-dmp0528	ses-scan1	114	14832275	31	14618643	0
ds002843	fMRIPrep-25.2.3	sub-dmp0528	ses-scan2	114	14829025	31	14615053	0
ds002843	fMRIPrep-25.2.3	sub-dmp0556	ses-multi-fa7a	1	3011	0	0	0
ds002843	fMRIPrep-25.2.3	sub-dmp0556	ses-scan1	114	15163115	31	14948295	0
ds002843	fMRIPrep-25.2.3	sub-dmp0556	ses-scan2	114	15095766	31	14882222	0
ds002843	fMRIPrep-25.2.3	sub-dmp0558	ses-multi-fa7a	1	3011	0	0	0
ds002843	fMRIPrep-25.2.3	sub-dmp0558	ses-scan1	114	14709328	31	14500590	0
ds002843	fMRIPrep-25.2.3	sub-dmp0558	ses-scan2	114	14710996	31	14497883	0
ds002843	fMRIPrep-25.2.3	sub-dmp0559	ses-multi-fa7a	1	3010	0	0	0
ds002843	fMRIPrep-25.2.3	sub-dmp0559	ses-scan1	114	15053968	31	14840650	0
ds002843	fMRIPrep-25.2.3	sub-dmp0559	ses-scan2	114	15049541	31	14837672	0
ds002843	fMRIPrep-25.2.3	sub-dmp0574	ses-multi-fa7a	1	3011	0	0	0
ds002843	fMRIPrep-25.2.3	sub-dmp0574	ses-scan1	114	14963390	31	14748992	0
ds002843	fMRIPrep-25.2.3	sub-dmp0574	ses-scan2	114	14936730	31	14723525	0
ds002843	fMRIPrep-25.2.3	sub-dmp0587	ses-scan1	154	462105860	39	60335424	0
ds002843	fMRIPrep-25.2.3	sub-dmp0596	ses-multi-fa7a	1	3011	0	0	0
ds002843	fMRIPrep-25.2.3	sub-dmp0596	ses-scan1	114	14777886	31	14565148	0
ds002843	fMRIPrep-25.2.3	sub-dmp0596	ses-scan2	114	14912538	31	14699922	0
ds002843	fMRIPrep-25.2.3	sub-dmp0598	ses-multi-fa7a	1	3011	0	0	0
ds002843	fMRIPrep-25.2.3	sub-dmp0598	ses-scan1	114	14744170	31	14529579	0
ds002843	fMRIPrep-25.2.3	sub-dmp0598	ses-scan2	114	14993485	31	14779075	0
ds002843	fMRIPrep-25.2.3	sub-dmp0614	ses-multi-fa7a	1	3009	0	0	0
ds002843	fMRIPrep-25.2.3	sub-dmp0614	ses-scan1	114	15162545	31	14948954	0
ds002843	fMRIPrep-25.2.3	sub-dmp0614	ses-scan2	114	15112983	31	14899698	0
ds002843	fMRIPrep-25.2.3	sub-dmp0628	ses-scan1	154	459104774	39	59741603	0
ds002843	fMRIPrep-25.2.3	sub-dmp0649	ses-multi-fa7a	1	3011	0	0	0
ds002843	fMRIPrep-25.2.3	sub-dmp0649	ses-scan1	114	15042959	31	14835930	0
ds002843	fMRIPrep-25.2.3	sub-dmp0649	ses-scan2	116	32403523	32	32191915	0
ds002843	fMRIPrep-25.2.3	sub-dmp0660	ses-multi-fa7a	1	3011	0	0	0
ds002843	fMRIPrep-25.2.3	sub-dmp0660	ses-scan1	114	15120626	31	14906754	0
ds002843	fMRIPrep-25.2.3	sub-dmp0660	ses-scan2	114	15064935	31	14851701	0
ds002843	fMRIPrep-25.2.3	sub-dmp0678	ses-multi-fa7a	1	3010	0	0	0
ds002843	fMRIPrep-25.2.3	sub-dmp0678	ses-scan1	114	14890788	31	14698718	0
ds002843	fMRIPrep-25.2.3	sub-dmp0678	ses-scan2	114	15019650	31	14810018	0
ds002843	fMRIPrep-25.2.3	sub-dmp0679	ses-scan1	154	459076419	39	59347517	0
ds002843	fMRIPrep-25.2.3	sub-dmp0700	ses-multi-fa7a	1	3010	0	0	0
ds002843	fMRIPrep-25.2.3	sub-dmp0700	ses-scan1	114	15164012	31	14951418	0
ds002843	fMRIPrep-25.2.3	sub-dmp0700	ses-scan2	114	15210050	31	14999018	0
ds002843	fMRIPrep-25.2.3	sub-dmp0701	ses-multi-fa7a	1	3010	0	0	0
ds002843	fMRIPrep-25.2.3	sub-dmp0701	ses-scan1	114	15137826	31	14924515	0
ds002843	fMRIPrep-25.2.3	sub-dmp0701	ses-scan2	114	15242949	31	15029230	0
ds002843	fMRIPrep-25.2.3	sub-dmp0715	ses-multi-fa7a	1	3011	0	0	0
ds002843	fMRIPrep-25.2.3	sub-dmp0715	ses-scan1	114	14754397	31	14539972	0
ds002843	fMRIPrep-25.2.3	sub-dmp0715	ses-scan2	114	14768338	31	14553638	0
ds002843	fMRIPrep-25.2.3	sub-dmp0723	ses-multi-fa7a	1	3011	0	0	0
ds002843	fMRIPrep-25.2.3	sub-dmp0723	ses-scan1	114	14837542	31	14625851	0
ds002843	fMRIPrep-25.2.3	sub-dmp0723	ses-scan2	114	14848098	31	14635637	0
ds002843	fMRIPrep-25.2.3	sub-dmp0724	ses-multi-fa7a	1	3011	0	0	0
ds002843	fMRIPrep-25.2.3	sub-dmp0724	ses-scan1	114	14933988	31	14722816	0
ds002843	fMRIPrep-25.2.3	sub-dmp0724	ses-scan2	114	15091070	31	14878486	0
ds002843	fMRIPrep-25.2.3	sub-dmp0730	ses-multi-fa7a	1	3011	0	0	0
ds002843	fMRIPrep-25.2.3	sub-dmp0730	ses-scan1	114	14518291	31	14304692	0
ds002843	fMRIPrep-25.2.3	sub-dmp0730	ses-scan2	114	14680401	31	14466294	0
ds002843	fMRIPrep-25.2.3	sub-dmp0755	ses-multi-fa7a	1	3010	0	0	0
ds002843	fMRIPrep-25.2.3	sub-dmp0755	ses-scan1	114	15051965	31	14839678	0
ds002843	fMRIPrep-25.2.3	sub-dmp0755	ses-scan2	114	15234332	31	15019620	0
ds002843	fMRIPrep-25.2.3	sub-dmp0759	ses-multi-fa7a	1	3011	0	0	0
ds002843	fMRIPrep-25.2.3	sub-dmp0759	ses-scan1	114	15100607	31	14887934	0
ds002843	fMRIPrep-25.2.3	sub-dmp0759	ses-scan2	114	15021194	31	14808433	0
ds002843	fMRIPrep-25.2.3	sub-dmp0760	ses-multi-fa7a	1	3009	0	0	0
ds002843	fMRIPrep-25.2.3	sub-dmp0760	ses-scan1	114	15146825	31	14933667	0
ds002843	fMRIPrep-25.2.3	sub-dmp0760	ses-scan2	114	15101117	31	14888551	0
ds002843	fMRIPrep-25.2.3	sub-dmp0772	ses-multi-fa7a	1	3011	0	0	0
ds002843	fMRIPrep-25.2.3	sub-dmp0772	ses-scan1	114	14611562	31	14397287	0
ds002843	fMRIPrep-25.2.3	sub-dmp0772	ses-scan2	114	14591355	31	14379151	0
ds002843	fMRIPrep-25.2.3	sub-dmp0773	ses-scan1	154	465475019	39	58917219	0
ds002843	fMRIPrep-25.2.3	sub-dmp0775	ses-multi-fa7a	1	3011	0	0	0
ds002843	fMRIPrep-25.2.3	sub-dmp0775	ses-scan1	114	14756705	31	14544702	0
ds002843	fMRIPrep-25.2.3	sub-dmp0775	ses-scan2	114	14547795	31	14334649	0
ds002843	fMRIPrep-25.2.3	sub-dmp0777	ses-scan1	154	445193685	39	57403569	0
ds002843	fMRIPrep-25.2.3	sub-dmp0782	ses-scan1	154	470816564	39	60523566	0
ds002843	fMRIPrep-25.2.3	sub-dmp0793	ses-multi-fa7a	1	3010	0	0	0
ds002843	fMRIPrep-25.2.3	sub-dmp0793	ses-scan1	114	14934749	31	14721418	0
ds002843	fMRIPrep-25.2.3	sub-dmp0793	ses-scan2	114	14893194	31	14677810	0
ds002843	fMRIPrep-25.2.3	sub-dmp0795	ses-multi-fa7a	1	3011	0	0	0
ds002843	fMRIPrep-25.2.3	sub-dmp0795	ses-scan1	114	15214796	31	15003137	0
ds002843	fMRIPrep-25.2.3	sub-dmp0795	ses-scan2	114	15149877	31	14939314	0
ds002843	fMRIPrep-25.2.3	sub-dmp0800	ses-multi-fa7a	1	3011	0	0	0
ds002843	fMRIPrep-25.2.3	sub-dmp0800	ses-scan1	114	14581199	31	14367819	0
ds002843	fMRIPrep-25.2.3	sub-dmp0800	ses-scan2	114	14742558	31	14528437	0
ds002843	fMRIPrep-25.2.3	sub-dmp0801	ses-multi-fa7a	1	3010	0	0	0
ds002843	fMRIPrep-25.2.3	sub-dmp0801	ses-scan1	114	15063857	31	14851183	0
ds002843	fMRIPrep-25.2.3	sub-dmp0801	ses-scan2	114	15038650	31	14825422	0
ds002843	fMRIPrep-25.2.3	sub-dmp0808	ses-multi-fa7a	1	3010	0	0	0
ds002843	fMRIPrep-25.2.3	sub-dmp0808	ses-scan1	114	15248913	31	15039095	0
ds002843	fMRIPrep-25.2.3	sub-dmp0808	ses-scan2	114	15166579	31	14952684	0
ds002843	fMRIPrep-25.2.3	sub-dmp0812	ses-multi-fa7a	1	3010	0	0	0
ds002843	fMRIPrep-25.2.3	sub-dmp0812	ses-scan1	114	15190372	31	14977480	0
ds002843	fMRIPrep-25.2.3	sub-dmp0812	ses-scan2	114	15118891	31	14905469	0
ds002843	fMRIPrep-25.2.3	sub-dmp0813	ses-multi-fa7a	1	3009	0	0	0
ds002843	fMRIPrep-25.2.3	sub-dmp0813	ses-scan1	114	14835552	31	14623949	0
ds002843	fMRIPrep-25.2.3	sub-dmp0813	ses-scan2	114	14925118	31	14713371	0
ds002843	fMRIPrep-25.2.3	sub-dmp0815	ses-multi-fa7a	1	3011	0	0	0
ds002843	fMRIPrep-25.2.3	sub-dmp0815	ses-scan1	114	14937529	31	14724124	0
ds002843	fMRIPrep-25.2.3	sub-dmp0815	ses-scan2	114	14805236	31	14591543	0
ds002843	fMRIPrep-25.2.3	sub-dmp0821	ses-multi-fa7a	1	3011	0	0	0
ds002843	fMRIPrep-25.2.3	sub-dmp0821	ses-scan1	114	15034759	31	14822046	0
ds002843	fMRIPrep-25.2.3	sub-dmp0821	ses-scan2	114	14884902	31	14671006	0
ds002843	fMRIPrep-25.2.3	sub-dmp0844	ses-multi-fa7a	1	3010	0	0	0
ds002843	fMRIPrep-25.2.3	sub-dmp0844	ses-scan1	114	14938669	31	14726702	0
ds002843	fMRIPrep-25.2.3	sub-dmp0844	ses-scan2	114	14917278	31	14706897	0
ds002843	fMRIPrep-25.2.3	sub-dmp0847	ses-multi-fa7a	1	3011	0	0	0
ds002843	fMRIPrep-25.2.3	sub-dmp0847	ses-scan1	114	15017248	31	14804166	0
ds002843	fMRIPrep-25.2.3	sub-dmp0847	ses-scan2	114	14994044	31	14781182	0
ds002843	fMRIPrep-25.2.3	sub-dmp0848	ses-multi-fa7a	1	3011	0	0	0
ds002843	fMRIPrep-25.2.3	sub-dmp0848	ses-scan1	114	14956320	31	14741601	0
ds002843	fMRIPrep-25.2.3	sub-dmp0848	ses-scan2	114	15019119	31	14807161	0
ds002843	fMRIPrep-25.2.3	sub-dmp0859	ses-multi-fa7a	1	3009	0	0	0
ds002843	fMRIPrep-25.2.3	sub-dmp0859	ses-scan1	114	14809940	31	14597600	0
ds002843	fMRIPrep-25.2.3	sub-dmp0859	ses-scan2	114	14872461	31	14660813	0
ds002843	fMRIPrep-25.2.3	sub-dmp0870	ses-scan1	154	460703912	39	58633634	0
ds002843	fMRIPrep-25.2.3	sub-dmp0877	ses-scan1	154	463033136	39	61224804	0
ds002843	fMRIPrep-25.2.3	sub-dmp0889	ses-scan1	154	450518444	39	57657474	0
ds002843	fMRIPrep-25.2.3	sub-dmp0897	ses-multi-fa7a	1	3011	0	0	0
ds002843	fMRIPrep-25.2.3	sub-dmp0897	ses-scan1	114	14927888	31	14716176	0
ds002843	fMRIPrep-25.2.3	sub-dmp0897	ses-scan2	114	14897432	31	14686239	0
ds002843	fMRIPrep-25.2.3	sub-dmp0909	ses-multi-fa7a	1	3011	0	0	0
ds002843	fMRIPrep-25.2.3	sub-dmp0909	ses-scan1	114	15032939	31	14820156	0
ds002843	fMRIPrep-25.2.3	sub-dmp0909	ses-scan2	114	14877545	31	14667079	0
ds002843	fMRIPrep-25.2.3	sub-dmp0912	ses-scan1	154	467342454	39	58585788	0
ds002843	fMRIPrep-25.2.3	sub-dmp0913	ses-scan1	154	450396470	39	50001683	0
ds002843	fMRIPrep-25.2.3	sub-dmp0919	ses-multi-fa7a	1	3011	0	0	0
ds002843	fMRIPrep-25.2.3	sub-dmp0919	ses-scan1	114	14795817	31	14581751	0
ds002843	fMRIPrep-25.2.3	sub-dmp0919	ses-scan2	114	14757358	31	14543334	0
ds002843	fMRIPrep-25.2.3	sub-dmp0922	ses-scan1	154	442828933	39	58385593	0
ds002843	fMRIPrep-25.2.3	sub-dmp0928	ses-scan1	154	462045588	39	59862957	0
ds002843	fMRIPrep-25.2.3	sub-dmp0929	ses-multi-fa7a	1	3011	0	0	0
ds002843	fMRIPrep-25.2.3	sub-dmp0929	ses-scan1	114	14667399	31	14454427	0
ds002843	fMRIPrep-25.2.3	sub-dmp0929	ses-scan2	114	14874570	31	14661086	0
ds002843	fMRIPrep-25.2.3	sub-dmp0937	ses-multi-fa7a	1	3011	0	0	0
ds002843	fMRIPrep-25.2.3	sub-dmp0937	ses-scan1	114	14982155	31	14771609	0
ds002843	fMRIPrep-25.2.3	sub-dmp0937	ses-scan2	114	15080674	31	14868977	0
ds002843	fMRIPrep-25.2.3	sub-dmp0939	ses-multi-fa7a	1	3010	0	0	0
ds002843	fMRIPrep-25.2.3	sub-dmp0939	ses-scan1	114	14787380	31	14573598	0
ds002843	fMRIPrep-25.2.3	sub-dmp0939	ses-scan2	114	14838362	31	14627295	0
ds002843	fMRIPrep-25.2.3	sub-dmp0952	ses-scan1	154	458198851	39	59268435	0
ds002843	fMRIPrep-25.2.3	sub-dmp0954	ses-multi-fa7a	1	3011	0	0	0
ds002843	fMRIPrep-25.2.3	sub-dmp0954	ses-scan1	114	14813942	31	14605576	0
ds002843	fMRIPrep-25.2.3	sub-dmp0954	ses-scan2	114	14778513	31	14566863	0
ds002843	fMRIPrep-25.2.3	sub-dmp0969	ses-multi-fa7a	1	3010	0	0	0
ds002843	fMRIPrep-25.2.3	sub-dmp0969	ses-scan1	114	15108677	31	14896845	0
ds002843	fMRIPrep-25.2.3	sub-dmp0969	ses-scan2	114	15068498	31	14860035	0
ds002843	fMRIPrep-25.2.3	sub-dmp0971	ses-multi-fa7a	1	3011	0	0	0
ds002843	fMRIPrep-25.2.3	sub-dmp0971	ses-scan1	114	15129623	31	14915997	0
ds002843	fMRIPrep-25.2.3	sub-dmp0971	ses-scan2	114	14899547	31	14685923	0
ds002843	fMRIPrep-25.2.3	sub-dmp0975	ses-scan1	154	461158203	39	60373277	0
ds002843	fMRIPrep-25.2.3	sub-dmp0978	ses-multi-fa7a	1	3010	0	0	0
ds002843	fMRIPrep-25.2.3	sub-dmp0978	ses-scan1	114	14919997	31	14705293	0
ds002843	fMRIPrep-25.2.3	sub-dmp0978	ses-scan2	114	15019603	31	14804733	0
ds002843	fMRIPrep-25.2.3	sub-dmp0982	ses-scan1	154	459534691	39	58933694	0
ds002843	fMRIPrep-25.2.3	sub-dmp0985	ses-multi-fa7a	1	3010	0	0	0
ds002843	fMRIPrep-25.2.3	sub-dmp0985	ses-scan1	114	15004338	31	14790844	0
ds002843	fMRIPrep-25.2.3	sub-dmp0985	ses-scan2	114	15091435	31	14877802	0
ds002843	fMRIPrep-25.2.3	sub-dmp0996	ses-scan1	154	461491592	39	58884273	0
ds002843	fMRIPrep-25.2.3	sub-dmp1000	ses-multi-fa7a	1	3011	0	0	0
ds002843	fMRIPrep-25.2.3	sub-dmp1000	ses-scan1	114	15146556	31	14933259	0
ds002843	fMRIPrep-25.2.3	sub-dmp1000	ses-scan2	114	15138185	31	14925367	0
ds002843	fMRIPrep-25.2.3	sub-dmp1001	ses-scan1	154	463718505	39	59822550	0
ds002843	fMRIPrep-25.2.3	sub-dmp1003	ses-multi-fa7a	1	3011	0	0	0
ds002843	fMRIPrep-25.2.3	sub-dmp1003	ses-scan1	114	15046334	31	14834952	0
ds002843	fMRIPrep-25.2.3	sub-dmp1003	ses-scan2	114	15125983	31	14912406	0
ds002843	fMRIPrep-25.2.3	sub-dmp1006	ses-multi-fa7a	1	3010	0	0	0
ds002843	fMRIPrep-25.2.3	sub-dmp1006	ses-scan1	114	15229513	31	15016231	0
ds002843	fMRIPrep-25.2.3	sub-dmp1006	ses-scan2	114	15178939	31	14966847	0
ds002843	fMRIPrep-25.2.3	sub-dmp1028	ses-scan1	154	445973089	39	55672911	0
ds002843	fMRIPrep-25.2.3	sub-dmp1032	ses-multi-fa7a	1	3011	0	0	0
ds002843	fMRIPrep-25.2.3	sub-dmp1032	ses-scan1	114	14794286	31	14581405	0
ds002843	fMRIPrep-25.2.3	sub-dmp1032	ses-scan2	114	14840333	31	14627148	0
ds002843	fMRIPrep-25.2.3	sub-dmp1037	ses-multi-fa7a	1	3011	0	0	0
ds002843	fMRIPrep-25.2.3	sub-dmp1037	ses-scan1	114	15293826	31	15081600	0
ds002843	fMRIPrep-25.2.3	sub-dmp1037	ses-scan2	114	15372782	31	15161535	0
ds002843	fMRIPrep-25.2.3	sub-dmp1039	ses-multi-fa7a	1	3011	0	0	0
ds002843	fMRIPrep-25.2.3	sub-dmp1039	ses-scan1	114	14977382	31	14762952	0
ds002843	fMRIPrep-25.2.3	sub-dmp1039	ses-scan2	114	14972491	31	14758765	0
ds002843	fMRIPrep-25.2.3	sub-dmp1052	ses-multi-fa7a	1	3011	0	0	0
ds002843	fMRIPrep-25.2.3	sub-dmp1052	ses-scan1	114	14766082	31	14552287	0
ds002843	fMRIPrep-25.2.3	sub-dmp1052	ses-scan2	114	14691680	31	14477270	0
ds002843	fMRIPrep-25.2.3	sub-dmp1057	ses-multi-fa7a	1	3010	0	0	0
ds002843	fMRIPrep-25.2.3	sub-dmp1057	ses-scan1	114	15039830	31	14826960	0
ds002843	fMRIPrep-25.2.3	sub-dmp1057	ses-scan2	114	15127324	31	14913261	0
ds002843	fMRIPrep-25.2.3	sub-dmp1062	ses-multi-fa7a	1	3011	0	0	0
ds002843	fMRIPrep-25.2.3	sub-dmp1062	ses-scan1	114	14802536	31	14588970	0
ds002843	fMRIPrep-25.2.3	sub-dmp1062	ses-scan2	114	14729276	31	14514723	0
ds002843	fMRIPrep-25.2.3	sub-dmp1064	ses-multi-fa7a	1	3010	0	0	0
ds002843	fMRIPrep-25.2.3	sub-dmp1064	ses-scan1	114	15067879	31	14855139	0
ds002843	fMRIPrep-25.2.3	sub-dmp1064	ses-scan2	114	15049656	31	14835875	0
ds002843	fMRIPrep-25.2.3	sub-dmp1070	ses-multi-fa7a	1	3011	0	0	0
ds002843	fMRIPrep-25.2.3	sub-dmp1070	ses-scan1	114	14647517	31	14434379	0
ds002843	fMRIPrep-25.2.3	sub-dmp1070	ses-scan2	114	14619568	31	14408565	0
ds002843	fMRIPrep-25.2.3	sub-dmp1083	ses-multi-fa7a	1	3008	0	0	0
ds002843	fMRIPrep-25.2.3	sub-dmp1083	ses-scan1	114	14664544	31	14451209	0
ds002843	fMRIPrep-25.2.3	sub-dmp1083	ses-scan2	114	14632132	31	14420612	0
ds002843	fMRIPrep-25.2.3	sub-dmp1090	ses-multi-fa7a	1	3011	0	0	0
ds002843	fMRIPrep-25.2.3	sub-dmp1090	ses-scan1	114	14732866	31	14520019	0
ds002843	fMRIPrep-25.2.3	sub-dmp1090	ses-scan2	114	14657083	31	14446492	0
ds002843	fMRIPrep-25.2.3	sub-dmp1095	ses-multi-fa7a	1	3010	0	0	0
ds002843	fMRIPrep-25.2.3	sub-dmp1095	ses-scan1	102	13411970	28	13221573	0
ds002843	fMRIPrep-25.2.3	sub-dmp1095	ses-scan2	116	32987910	32	32776822	0
ds002843	fMRIPrep-25.2.3	sub-dmp1100	ses-multi-fa7a	1	3011	0	0	0
ds002843	fMRIPrep-25.2.3	sub-dmp1100	ses-scan1	114	14967297	31	14753761	0
ds002843	fMRIPrep-25.2.3	sub-dmp1100	ses-scan2	114	14910486	31	14700117	0
ds002843	fMRIPrep-25.2.3	sub-dmp1114	ses-multi-fa7a	1	3010	0	0	0
ds002843	fMRIPrep-25.2.3	sub-dmp1114	ses-scan1	114	14968458	31	14758105	0
ds002843	fMRIPrep-25.2.3	sub-dmp1114	ses-scan2	114	14998059	31	14784374	0
ds002843	fMRIPrep-25.2.3	sub-dmp1135	ses-multi-fa7a	1	3009	0	0	0
ds002843	fMRIPrep-25.2.3	sub-dmp1135	ses-scan1	114	15261361	31	15048586	0
ds002843	fMRIPrep-25.2.3	sub-dmp1135	ses-scan2	114	15233428	31	15022780	0
ds002843	fMRIPrep-25.2.3	sub-dmp1157	ses-scan1	154	465136957	39	59374318	0
ds002843	fMRIPrep-25.2.3	sub-dmp1165	ses-multi-fa7a	1	3011	0	0	0
ds002843	fMRIPrep-25.2.3	sub-dmp1165	ses-scan1	114	15215653	31	15002700	0
ds002843	fMRIPrep-25.2.3	sub-dmp1165	ses-scan2	71	10015045	21	9848338	0
ds002843	fMRIPrep-25.2.3	sub-dmp1172	ses-multi-fa7a	1	3011	0	0	0
ds002843	fMRIPrep-25.2.3	sub-dmp1172	ses-scan1	114	15143500	31	14929725	0
ds002843	fMRIPrep-25.2.3	sub-dmp1172	ses-scan2	114	15103163	31	14889178	0
ds002843	fMRIPrep-25.2.3	sub-dmp1183	ses-multi-fa7a	1	3011	0	0	0
ds002843	fMRIPrep-25.2.3	sub-dmp1183	ses-scan1	114	14887278	31	14676857	0
ds002843	fMRIPrep-25.2.3	sub-dmp1183	ses-scan2	114	14831109	31	14618882	0
ds002843	fMRIPrep-25.2.3	sub-dmp1192	ses-multi-fa7a	1	3011	0	0	0
ds002843	fMRIPrep-25.2.3	sub-dmp1192	ses-scan1	114	14997898	31	14787086	0
ds002843	fMRIPrep-25.2.3	sub-dmp1192	ses-scan2	114	14971341	31	14762082	0
ds002843	fMRIPrep-25.2.3	sub-dmp1205	ses-multi-fa7a	1	3011	0	0	0
ds002843	fMRIPrep-25.2.3	sub-dmp1205	ses-scan1	114	14782551	31	14568922	0
ds002843	fMRIPrep-25.2.3	sub-dmp1205	ses-scan2	114	14857581	31	14643782	0
ds002843	fMRIPrep-25.2.3	sub-dmp1221	ses-multi-fa7a	1	3011	0	0	0
ds002843	fMRIPrep-25.2.3	sub-dmp1221	ses-scan1	114	15115814	31	14902225	0
ds002843	fMRIPrep-25.2.3	sub-dmp1221	ses-scan2	114	15155815	31	14942707	0
ds002843	fMRIPrep-25.2.3	sub-dmp1225	ses-multi-fa7a	1	3011	0	0	0
ds002843	fMRIPrep-25.2.3	sub-dmp1225	ses-scan1	114	15221400	31	15008508	0
ds002843	fMRIPrep-25.2.3	sub-dmp1225	ses-scan2	114	15155815	31	14941798	0
ds002843	fMRIPrep-25.2.3	sub-dmp1226	ses-scan1	154	463956437	39	59756150	0
ds002843	fMRIPrep-25.2.3	sub-dmp1227	ses-scan1	154	459286173	39	60042905	0
ds002843	fMRIPrep-25.2.3	sub-dmp1231	ses-multi-fa7a	1	3011	0	0	0
ds002843	fMRIPrep-25.2.3	sub-dmp1231	ses-scan1	114	14940796	31	14727174	0
ds002843	fMRIPrep-25.2.3	sub-dmp1231	ses-scan2	114	14980643	31	14767473	0
ds002843	fMRIPrep-25.2.3	sub-dmp1241	ses-multi-fa7a	1	3011	0	0	0
ds002843	fMRIPrep-25.2.3	sub-dmp1241	ses-scan1	114	14682827	31	14468719	0
ds002843	fMRIPrep-25.2.3	sub-dmp1241	ses-scan2	71	9780397	21	9613413	0
ds002843	fMRIPrep-25.2.3	sub-dmp1243	ses-scan1	154	453331466	39	59972267	0
ds002843	fMRIPrep-25.2.3	sub-dmp1248	ses-multi-fa7a	1	3011	0	0	0
ds002843	fMRIPrep-25.2.3	sub-dmp1248	ses-scan1	116	32830200	32	32615472	0
ds002843	fMRIPrep-25.2.3	sub-dmp1248	ses-scan2	114	14858285	31	14645045	0
ds002843	fMRIPrep-25.2.3	sub-dmp1252	ses-scan1	154	469594673	39	59054913	0
ds002843	fMRIPrep-25.2.3	sub-dmp1260	ses-multi-fa7a	1	3011	0	0	0
ds002843	fMRIPrep-25.2.3	sub-dmp1260	ses-scan1	114	14558604	31	14347007	0
ds002843	fMRIPrep-25.2.3	sub-dmp1260	ses-scan2	114	14604636	31	14390960	0
ds002843	fMRIPrep-25.2.3	sub-dmp1266	ses-multi-fa7a	1	3011	0	0	0
ds002843	fMRIPrep-25.2.3	sub-dmp1266	ses-scan1	114	14988762	31	14775847	0
ds002843	fMRIPrep-25.2.3	sub-dmp1266	ses-scan2	114	14926076	31	14712535	0
ds002843	fMRIPrep-25.2.3	sub-dmp1271	ses-multi-fa7a	1	3011	0	0	0
ds002843	fMRIPrep-25.2.3	sub-dmp1271	ses-scan1	114	14885153	31	14671082	0
ds002843	fMRIPrep-25.2.3	sub-dmp1271	ses-scan2	114	14816516	31	14602802	0
ds002843	fMRIPrep-25.2.3	sub-dmp1291	ses-multi-fa7a	1	3010	0	0	0
ds002843	fMRIPrep-25.2.3	sub-dmp1291	ses-scan1	114	14972031	31	14758868	0
ds002843	fMRIPrep-25.2.3	sub-dmp1291	ses-scan2	114	14865179	31	14653557	0
